<?xml version="1.0" encoding="UTF-8"?>
<!--
   Copyright (C) 2017 Red Hat, Inc.

   Licensed under the Apache License, Version 2.0 (the "License");
   you may not use this file except in compliance with the License.
   You may obtain a copy of the License at

       http://www.apache.org/licenses/LICENSE-2.0

   Unless required by applicable law or agreed to in writing, software
   distributed under the License is distributed on an "AS IS" BASIS,
   WITHOUT WARRANTIES OR CONDITIONS OF ANY KIND, either express or implied.
   See the License for the specific language governing permissions and
   limitations under the License.
-->
<!DOCTYPE module PUBLIC
"-//Puppy Crawl//DTD Check Configuration 1.3//EN"
"http://www.puppycrawl.com/dtds/configuration_1_3.dtd">

<module name="Checker">
  <!-- http://checkstyle.sourceforge.net/config_filters.html -->
  <module name="SuppressWarningsFilter" />

  <!-- http://checkstyle.sourceforge.net/config_misc.html -->
  <module name="NewlineAtEndOfFile">
    <property name="lineSeparator" value="lf"/>
    <property name="severity" value="warning"/>
  </module>

  <!-- http://checkstyle.sourceforge.net/config_whitespace.html -->
  <module name="FileTabCharacter">
    <property name="eachLine" value="true"/>
  </module>

  <!-- http://checkstyle.sourceforge.net/config_regexp.html -->
  <module name="RegexpSingleline">
    <!-- \s matches whitespace character, $ matches end of line. -->
    <property name="format" value="\s+$"/>
    <property name="message" value="Line has trailing spaces."/>
  </module>

  <!-- =========================================================== -->
  <!--                                                             -->
  <!-- TreeWalker config                                           -->
  <!--                                                             -->
  <!-- =========================================================== -->

  <module name="TreeWalker">
    <module name="SuppressWithNearbyCommentFilter"/>

    <!-- http://checkstyle.sourceforge.net/config_annotation.html -->
    <module name="SuppressWarningsHolder" />

    <!-- Checks for blocks. You know, those {}'s         -->
    <!-- See http://checkstyle.sf.net/config_blocks.html -->
    <!-- there's quite a few generated equality methods that
         don't use braces -->
    <!-- <module name="NeedBraces"/> -->

    <!-- Checks for imports                              -->
    <!-- See http://checkstyle.sf.net/config_import.html -->
    <!-- <module name="AvoidStarImport"/> -->
    <module name="RedundantImport"/>

    <!-- Modifier Checks                                    -->
    <!-- See http://checkstyle.sf.net/config_modifiers.html -->
    <!--  <module name="ModifierOrder"/> -->

    <!-- UnusedModifier in PMD is also only warning -->
    <!-- <module name="RedundantModifier">
      <property name="severity" value="warning"/>
    </module> -->

    <!-- http://checkstyle.sourceforge.net/config_misc.html -->
    <module name="UpperEll"/>

    <!-- <module name="SuppressionXpathFilter">
      <property name="file" value="/syndesis/checkstyle-suppressions-xpath.xml"/>
    </module> -->
  </module>
</module>